<application>
  <component name="TemplateSettings">
    <option name="deletedKeys">
      <list>
        <TemplateKey>
          <option name="groupName" value="SQL" />
          <option name="key" value="sel" />
        </TemplateKey>
        <TemplateKey>
          <option name="groupName" value="SQL" />
          <option name="key" value="selw" />
        </TemplateKey>
        <TemplateKey>
          <option name="groupName" value="SQL" />
          <option name="key" value="selc" />
        </TemplateKey>
        <TemplateKey>
          <option name="groupName" value="SQL" />
          <option name="key" value="ins" />
        </TemplateKey>
        <TemplateKey>
          <option name="groupName" value="SQL" />
          <option name="key" value="upd" />
        </TemplateKey>
        <TemplateKey>
          <option name="groupName" value="SQL" />
          <option name="key" value="tab" />
        </TemplateKey>
        <TemplateKey>
          <option name="groupName" value="SQL" />
          <option name="key" value="col" />
        </TemplateKey>
        <TemplateKey>
          <option name="groupName" value="PHP" />
          <option name="key" value="eco" />
        </TemplateKey>
        <TemplateKey>
          <option name="groupName" value="PHP" />
          <option name="key" value="rqr" />
        </TemplateKey>
        <TemplateKey>
          <option name="groupName" value="PHP" />
          <option name="key" value="rqro" />
        </TemplateKey>
        <TemplateKey>
          <option name="groupName" value="PHP" />
          <option name="key" value="inc" />
        </TemplateKey>
        <TemplateKey>
          <option name="groupName" value="PHP" />
          <option name="key" value="inco" />
        </TemplateKey>
      </list>
    </option>
  </component>
</application>