<application>
  <component name="FileTypeManager" version="18">
    <extensionMap>
      <mapping pattern="xdebug_remote_log" type="AUTO_DETECTED" />
      <mapping pattern="ebbf56c1e8fd26104a57975215b41dd4" type="PLAIN_TEXT" />
      <mapping ext="000002" type="PLAIN_TEXT" />
      <mapping ext="000001" type="PLAIN_TEXT" />
      <mapping ext="1" type="PLAIN_TEXT" />
      <removed_mapping ext="log" approved="true" type="PLAIN_TEXT" />
      <removed_mapping pattern=".env" approved="true" type="PLAIN_TEXT" />
    </extensionMap>
  </component>
</application>