<application>
  <component name="SshConfigs">
    <configs>
      <sshConfig authType="PASSWORD" host="47.100.60.92" id="e595f6a3-c546-4aa0-bd06-07379d4d4d60" port="22" customName="92" nameFormat="CUSTOM" username="root">
        <option name="customName" value="92" />
      </sshConfig>
      <sshConfig authType="PASSWORD" host="47.100.50.16" id="0d67631f-bb80-4438-b046-b74abc4ec3a1" port="22" customName="16" nameFormat="CUSTOM" username="root">
        <option name="customName" value="16" />
      </sshConfig>
      <sshConfig authType="PASSWORD" host="172.28.3.157" id="44689f33-537e-4195-806e-47619c79b8e3" port="22" customName="157" nameFormat="CUSTOM" username="root">
        <option name="customName" value="157" />
      </sshConfig>
      <sshConfig host="101.132.129.96" id="0abefe6e-c752-4f0e-8ee5-ad46edcc25eb" keyPath="G:\_note\xfoqUbA05Dwu1rYt.pem" port="22" customName="【96阿里云】" nameFormat="CUSTOM" username="root">
        <option name="customName" value="【96阿里云】" />
      </sshConfig>
    </configs>
  </component>
</application>